id;nombre;apellidos;pasaporte
1;Nacional;withdrawal Seguridada Amarillo;Violeta s
2;withdrawal Parc;Negro Re-implementado Directo;VioletaXX
3;Cape interface ;payment Asistente ROI;Bedfordsh
4;Edificio Oficia;Mascotas application hacking;Genérico 
5;programming fun;payment invoice;GB RusiaX
6;Investment GB;Soporte;MesaXXXXX
7;Somali best-of-;Papelería card Desarrollador;en Hormig
8;Optimización;Amarillo;SabrosoXX
9;bus interface B;drive networks Pantalones;Represent
10;Granito Investm;Deportes deposit;Acero com
